City Name,Cloudiness,Country,Date,Humidity,Max Temperature,Latitude,Longitude,Wind Speed
Luanda,75,AO,1604720566,94,25.0,-8.84,13.23,3.6
Kruisfontein,100,ZA,1604720567,95,13.33,-34.0,24.73,2.09
Albany,28,US,1604720569,57,11.67,42.6,-73.97,2.06
Egvekinot,100,RU,1604720615,99,-3.34,66.32,-179.17,1.37
Khanbari,1,NP,1604720616,46,22.15,27.37,87.2,1.07
Badarwās,0,IN,1604720617,22,25.41,24.97,77.57,0.8
Tessalit,14,ML,1604720619,22,21.34,20.2,1.01,5.24
Jamestown,1,US,1604720620,54,13.0,42.1,-79.24,3.6
Hermanus,6,ZA,1604720456,91,13.33,-34.42,19.23,4.02
East London,40,ZA,1604720622,87,16.0,-33.02,27.91,0.5
Puerto Ayora,0,EC,1604720623,79,20.0,-0.74,-90.35,3.13
Korem,4,ET,1604720624,71,11.59,12.51,39.52,0.32
Kouango,100,CF,1604720625,93,21.43,4.99,19.96,0.71
Bethel,1,US,1604720627,93,13.89,41.37,-73.41,2.56
Kavieng,81,PG,1604720338,68,29.46,-2.57,150.8,5.52
Chapada dos Guimarães,0,BR,1604720629,45,31.0,-15.46,-55.75,3.1
Albacete,100,ES,1604720630,95,9.44,38.83,-2.0,3.58
Belaya Gora,63,RU,1604720631,91,-23.52,68.53,146.42,1.7
Yellowknife,90,CA,1604720535,84,-15.0,62.46,-114.35,2.6
Kaitangata,73,NZ,1604720633,72,10.56,-46.28,169.85,4.92
Bluff,100,NZ,1604720634,87,8.33,-46.6,168.33,4.47
Rikitea,48,PF,1604720636,70,21.98,-23.12,-134.97,7.1
San Quintín,30,MX,1604720637,84,18.39,30.48,-115.95,2.42
Killybegs,65,IE,1604720638,91,5.0,54.63,-8.45,0.89
Manitouwadge,97,CA,1604720639,93,4.0,49.12,-85.84,3.6
Bam,10,IR,1604720640,18,22.42,29.11,58.36,2.1
Lompoc,1,US,1604720641,71,13.0,34.64,-120.46,4.1
Tonantins,82,BR,1604720642,90,24.02,-2.87,-67.8,0.88
Punta Arenas,75,CL,1604720455,61,9.0,-53.15,-70.92,4.6
Örnsköldsvik,11,SE,1604720347,87,7.0,63.29,18.72,4.1
Narsaq,75,GL,1604720646,86,-1.0,60.92,-46.05,6.7
Cayenne,0,GF,1604720647,100,24.0,4.93,-52.33,4.15
Constitución,0,CL,1604720648,69,13.0,-35.33,-72.42,4.0
Nabire,52,ID,1604720649,56,32.14,-3.37,135.48,2.17
Kapaa,75,US,1604720650,78,27.0,22.08,-159.32,5.7
Svecha,73,RU,1604720651,97,0.37,58.28,47.52,3.47
Yangi Marg`ilon,13,UZ,1604720653,30,6.0,40.43,71.72,3.1
Tautira,75,PF,1604720654,65,28.0,-17.73,-149.15,2.6
São Félix do Xingu,92,BR,1604720655,97,21.86,-6.64,-51.99,1.13
Ilulissat,100,GL,1604720656,56,-11.0,69.22,-51.1,14.4
Paamiut,100,GL,1604720657,98,-0.21,61.99,-49.67,11.28
Manado,40,ID,1604720658,62,31.0,1.49,124.85,3.1
Airai,0,TL,1604720659,32,27.49,-8.93,125.41,3.64
Hasaki,75,JP,1604720566,77,21.11,35.73,140.83,1.5
Saint-Philippe,20,RE,1604720662,57,25.0,-21.36,55.77,2.1
Nanortalik,100,GL,1604720663,87,1.16,60.14,-45.24,8.53
Arraial do Cabo,75,BR,1604720662,74,21.29,-22.97,-42.03,3.24
Akdepe,100,TM,1604720665,52,7.0,42.06,59.38,3.1
Mataura,98,NZ,1604720650,88,8.11,-46.19,168.86,2.04
George Town,40,MY,1604720667,79,29.0,5.41,100.34,1.0
St. George's,40,GD,1604720668,88,27.0,12.06,-61.75,5.1
Pargas,0,FI,1604720669,100,8.89,60.31,22.3,2.6
Castro,8,BR,1604720670,97,10.77,-24.79,-50.01,2.56
Pangnirtung,100,CA,1604720672,84,-10.97,66.15,-65.71,0.94
Mindelo,40,CV,1604720673,73,25.0,16.89,-24.98,3.6
Salinópolis,97,BR,1604720674,82,26.47,-0.61,-47.36,4.31
Dwārka,0,IN,1604720675,44,27.85,22.24,68.97,4.84
Creel,0,MX,1604720676,50,9.27,27.75,-107.63,0.88
Honiara,75,SB,1604720608,62,32.0,-9.43,159.95,4.1
Ushuaia,75,AR,1604720398,34,11.0,-54.8,-68.3,9.3
Klaksvík,99,FO,1604720679,75,6.0,62.23,-6.59,4.6
Lavrentiya,19,RU,1604720680,90,0.57,65.58,-171.0,10.13
Hilo,40,US,1604720682,65,28.0,19.73,-155.09,2.1
Bredasdorp,27,ZA,1604720554,93,11.0,-34.53,20.04,3.6
Naze,40,JP,1604720684,83,28.0,28.37,129.48,3.6
Longyearbyen,90,SJ,1604720454,86,1.0,78.22,15.64,5.1
Lebu,0,CL,1604720686,81,11.01,-37.62,-73.65,9.24
Busselton,0,AU,1604720687,30,28.33,-33.65,115.33,2.82
Mossamedes,51,AO,1604720688,66,21.01,-15.2,12.15,3.19
Mar del Plata,0,AR,1604720391,87,16.67,-38.0,-57.56,1.5
Saskylakh,86,RU,1604720691,91,-20.72,71.92,114.08,0.84
Hobart,40,AU,1604720622,50,13.89,-42.88,147.33,5.1
Ambovombe,96,MG,1604720693,58,24.85,-25.17,46.08,1.45
Hithadhoo,87,MV,1604720694,68,28.79,-0.6,73.08,1.73
Saint Paul Harbor,1,US,1604720673,80,2.0,57.79,-152.41,2.6
Redmond,3,US,1604720446,84,6.11,47.67,-122.12,0.93
Vanavara,100,RU,1604720697,92,-13.9,60.34,102.28,2.24
Nikolskoye,0,RU,1604720698,76,10.0,59.7,30.79,12.0
Atuona,81,PF,1604720692,78,25.74,-9.8,-139.03,8.87
El Alto,61,PE,1604720701,88,16.22,-4.27,-81.21,6.52
Shunyi,0,CN,1604720702,14,18.89,40.12,116.65,10.0
Lata,60,PT,1604720694,91,14.44,40.16,-8.33,0.45
Coahuayana Viejo,60,MX,1604720704,84,23.49,18.73,-103.68,1.33
Norman Wells,90,CA,1604720705,92,-13.0,65.28,-126.83,1.0
Leshukonskoye,100,RU,1604720707,96,1.72,64.9,45.76,3.36
Deer Lake,90,CA,1604720708,87,10.0,49.17,-57.43,3.87
Kawambwa,0,ZM,1604720709,92,18.04,-9.79,29.08,1.62
Fortuna,75,US,1604720711,100,9.44,40.6,-124.16,4.1
Illapel,0,CL,1604720712,68,13.19,-31.63,-71.17,0.67
Stornoway,22,GB,1604720714,100,3.0,58.21,-6.39,0.5
Kavaratti,5,IN,1604720715,74,28.43,10.57,72.64,3.49
Isangel,75,VU,1604720716,66,31.0,-19.55,169.27,2.6
Gualaquiza,35,EC,1604720717,88,16.54,-3.4,-78.55,0.72
Vila,90,PT,1604720719,94,10.56,42.03,-8.16,1.73
Pisco,90,PE,1604720720,82,18.0,-13.7,-76.22,4.1
Nambucca Heads,1,AU,1604720722,60,22.78,-30.65,153.0,5.7
Bathsheba,40,BB,1604720456,83,27.0,13.22,-59.52,6.7
Geraldton,0,AU,1604720724,47,26.0,-28.77,114.6,4.6
Sørland,100,NO,1604720725,87,7.37,67.67,12.69,15.72
Semme,0,FR,1604720726,62,14.0,46.2,1.5,5.7
Jumla,0,NP,1604720727,26,15.05,29.27,82.18,1.42
Haapiti,75,PF,1604720728,65,28.0,-17.57,-149.87,2.6
Cabo San Lucas,20,MX,1604720453,83,25.0,22.89,-109.91,2.1
Chuchar-kana Mandi,0,PK,1604720652,76,14.0,31.75,73.8,1.22
Anadyr,90,RU,1604720732,92,-3.0,64.75,177.48,8.0
Pangody,100,RU,1604720733,99,-1.47,65.85,74.49,3.75
Tuktoyaktuk,90,CA,1604720552,78,-8.0,69.45,-133.04,5.1
Waitara,54,NZ,1604720735,93,15.56,-38.92,174.25,4.02
Penzance,95,GB,1604720737,100,12.0,50.12,-5.54,9.8
Ancud,98,CL,1604720738,75,8.89,-41.87,-73.82,7.2
San Patricio,1,US,1604720739,82,21.67,28.02,-97.52,3.1
Bay Roberts,90,CA,1604720483,87,11.11,47.6,-53.26,10.8
Ponta Delgada,75,PT,1604720742,82,14.0,37.73,-25.67,5.1
Xichang,98,CN,1604720743,61,14.87,27.9,102.26,0.54
Sayansk,100,RU,1604720744,93,-7.05,54.11,102.16,2.8
Hobyo,86,SO,1604720746,76,26.9,5.35,48.53,4.52
Maniitsoq,99,GL,1604720747,84,-5.36,65.42,-52.9,2.3
Souillac,75,MU,1604720748,78,23.0,-20.52,57.52,5.1
Avarua,61,CK,1604720689,78,25.0,-21.21,-159.78,3.6
Terrace Bay,98,CA,1604720750,93,4.0,48.78,-87.1,3.6
Tiksi,69,RU,1604720752,93,-20.26,71.69,128.87,1.27
Port Alfred,100,ZA,1604720753,66,17.41,-33.59,26.89,1.7
Barrow,90,US,1604720754,98,0.0,71.29,-156.79,7.7
Havre-St-Pierre,90,CA,1604720755,93,2.0,50.23,-63.6,2.1
Zlobin,0,HR,1604720757,47,13.0,45.29,14.65,4.1
New Norfolk,96,AU,1604720689,47,13.89,-42.78,147.06,1.79
Ciudad Bolivar,49,VE,1604720759,82,26.13,8.12,-63.55,3.91
Saldanha,32,ZA,1604720760,93,14.0,-33.01,17.94,3.6
Camaná,61,PE,1604720761,79,16.8,-16.62,-72.71,1.82
Batagay,91,RU,1604720762,84,-29.61,67.63,134.63,0.35
Nha Trang,40,VN,1604720764,79,30.0,12.25,109.18,6.7
Taunggyi,0,MM,1604720765,67,24.49,20.78,97.03,0.5
Majengo,67,TZ,1604720766,88,23.38,-5.15,38.98,2.15
Oistins,40,BB,1604720757,83,27.0,13.07,-59.53,6.7
Leningradskiy,100,RU,1604720768,97,-2.83,69.38,178.42,8.06
Hofn,0,IS,1604720769,75,2.3,64.25,-15.21,4.22
Merauke,10,ID,1604720770,65,29.56,-8.47,140.33,4.99
Walvis Bay,0,NA,1604720772,87,15.0,-22.96,14.51,2.6
Cidreira,2,BR,1604720773,85,19.46,-30.18,-50.21,7.21
Provideniya,41,RU,1604720774,90,0.79,64.38,-173.3,9.48
Skjervøy,100,NO,1604720775,63,6.79,70.03,20.97,11.94
Iqaluit,20,CA,1604720776,70,-17.78,63.75,-68.51,13.4
Chokurdakh,100,RU,1604720777,94,-16.64,70.63,147.92,3.91
Camacha,40,PT,1604720779,68,18.0,33.08,-16.33,3.1
Bull Savanna,100,JM,1604720780,88,23.19,17.89,-77.59,3.73
Grindavik,75,IS,1604720781,69,4.0,63.84,-22.43,5.1
Butaritari,100,KI,1604720782,75,27.45,3.07,172.79,6.0
Alofi,40,NU,1604720783,65,27.0,-19.06,-169.92,6.7
Qaanaaq,50,GL,1604720717,79,-21.84,77.48,-69.36,3.66
Sungai Penuh,96,ID,1604720701,73,25.46,-2.08,101.38,0.52
Bambous Virieux,75,MU,1604720755,78,24.44,-20.34,57.76,5.1
Ribeira Grande,57,PT,1604720788,66,15.19,38.52,-28.7,11.96
Tasiilaq,100,GL,1604720554,86,-3.0,65.61,-37.64,12.3
Port Elizabeth,0,ZA,1604720790,93,14.0,-33.92,25.57,1.0
Seoul,1,KR,1604720560,42,18.0,37.57,126.98,5.04
Falmouth,85,GB,1604720792,100,12.0,50.15,-5.07,9.8
Dikson,0,RU,1604720663,89,-18.02,73.51,80.55,2.77
Raja,98,SS,1604720795,47,21.44,8.46,25.68,1.02
São Filipe,98,CV,1604720796,78,25.81,14.9,-24.5,2.18
Talcahuano,0,CL,1604720720,81,12.0,-36.72,-73.12,4.1
Tcholliré,73,CM,1604720798,47,20.78,8.4,14.17,0.8
Korla,100,CN,1604720552,45,8.13,41.76,86.15,2.66
Aitape,85,PG,1604720800,75,29.69,-3.14,142.35,4.84
Leh,0,IN,1604720585,63,-0.21,34.17,77.58,0.99
Fairbanks,90,US,1604720567,85,-1.67,64.84,-147.72,2.98
Atikokan,83,CA,1604720804,91,6.87,48.76,-91.62,2.51
Saint Anthony,1,US,1604720794,48,19.0,45.02,-93.22,6.7
Kloulklubed,90,PW,1604720761,79,29.0,7.04,134.26,2.1
Piraí do Sul,7,BR,1604720807,99,13.89,-24.53,-49.95,1.79
Gorontalo,99,ID,1604720808,59,31.33,0.54,123.06,2.2
Hualmay,36,PE,1604720809,87,15.75,-11.1,-77.61,1.89
Beyneu,100,KZ,1604720704,84,9.5,45.32,55.2,5.2
Sobolevo,100,RU,1604720812,90,7.55,54.43,31.9,7.47
Arman',100,RU,1604720813,87,-9.86,59.7,150.17,4.4
Hong Kong,27,HK,1604720635,47,28.89,22.29,114.16,4.92
Santa Fe,0,AR,1604720705,65,19.44,-31.63,-60.7,2.57
Broome,1,US,1604720816,54,13.0,42.25,-75.83,3.1
Vaini,20,TO,1604720817,69,27.0,-21.2,-175.2,4.1
Pochutla,100,MX,1604720819,89,24.44,15.74,-96.47,1.45
Cape Town,40,ZA,1604720585,87,16.11,-33.93,18.42,7.2
The Valley,87,AI,1604720686,69,27.0,18.22,-63.06,3.1
San Cristobal,41,VE,1604720822,92,18.96,7.77,-72.22,0.66
Gambēla,92,ET,1604720823,81,21.89,8.25,34.58,1.46
São João da Barra,97,BR,1604720824,84,21.07,-21.64,-41.05,3.62
Sri Aman,40,MY,1604720825,66,31.0,1.24,111.46,0.87
Clyde River,90,CA,1604720826,84,-14.0,70.47,-68.59,8.7
Ahipara,86,NZ,1604720721,84,19.5,-35.17,173.17,6.23
Tabou,98,CI,1604720829,85,25.44,4.42,-7.35,1.99
Sawtell,16,AU,1604720830,60,22.0,-30.38,153.1,5.7
Farafangana,58,MG,1604720831,83,24.29,-22.82,47.83,5.94
Upernavik,0,GL,1604720832,79,-20.47,72.79,-56.15,4.62
Praia,0,CV,1604720686,83,25.0,14.92,-23.51,4.1
Areia Branca,1,BR,1604720834,79,25.33,-4.96,-37.14,6.83
Mlonggo,52,ID,1604720835,65,30.29,-6.53,110.7,3.12
Lorengau,84,PG,1604720836,72,29.56,-2.02,147.27,4.7
Shimoda,75,JP,1604720838,83,21.0,34.67,138.95,6.7
Upata,43,VE,1604720839,88,26.67,8.01,-62.4,0.45
Kattivākkam,40,IN,1604720840,83,28.0,13.22,80.32,2.1
Ayan,94,RU,1604720841,84,-6.86,56.45,138.17,6.77
Severo-Kuril'sk,83,RU,1604720842,77,2.66,50.68,156.12,2.8
Okha,98,RU,1604720843,91,-1.06,53.57,142.95,6.98
Kidal,0,ML,1604720844,23,20.66,18.44,1.41,5.31
Rawson,0,AR,1604720846,78,10.81,-43.3,-65.1,3.97
Henties Bay,13,NA,1604720847,91,15.0,-22.12,14.28,0.89
Ulaangom,92,MN,1604720848,81,1.39,49.98,92.07,0.65
Calama,0,CL,1604720849,17,13.0,-22.47,-68.93,4.1
Salalah,0,OM,1604720850,78,22.0,17.02,54.09,1.5
Bud,1,US,1604720851,71,10.0,39.45,-86.18,2.69
Oshawa,1,CA,1604720621,100,11.11,43.9,-78.85,3.88
Colonia Carlos Antonio López,0,PY,1604720853,44,17.54,-26.4,-54.77,0.67
Gonzalez,20,US,1604720855,78,22.0,30.58,-87.29,2.1
Clovis,100,US,1604720856,51,12.78,36.83,-119.7,3.59
Broken Hill,0,AU,1604720738,37,20.0,-31.95,141.43,5.7
San Fernando del Valle de Catamarca,6,AR,1604720858,42,16.67,-28.47,-65.79,0.45
Hoa Binh,0,VN,1604720859,50,25.0,20.81,105.34,6.7
Bhandāra,0,IN,1604720860,56,21.0,21.17,79.65,1.0
Ngunguru,35,NZ,1604720861,89,20.56,-35.62,174.5,4.47
Yulara,24,AU,1604720591,8,32.0,-25.24,130.99,7.2
Auki,70,SB,1604720863,71,28.82,-8.77,160.7,0.97
Meulaboh,100,ID,1604720865,89,24.96,4.14,96.13,2.85
Gimli,100,CA,1604720866,86,-1.0,50.63,-96.99,3.6
Pacasmayo,0,PE,1604720867,83,16.42,-7.4,-79.57,4.28
Aykhal,90,RU,1604720868,84,-15.0,66.0,111.5,1.0
Kendari,49,ID,1604720625,50,32.27,-3.94,122.5,2.82
Vostok,68,RU,1604720870,81,2.44,46.49,135.88,5.82
Sertânia,30,BR,1604720871,78,22.6,-8.07,-37.26,4.55
Qena,0,EG,1604720873,72,17.0,26.16,32.72,1.47
Lanigan,100,CA,1604720874,79,-2.0,51.85,-105.03,2.6
Neiba,97,DO,1604720875,82,23.34,18.5,-71.42,0.25
Ketchikan,90,US,1604720876,100,3.0,55.34,-131.65,3.1
Noumea,0,NC,1604720877,45,31.0,-22.28,166.46,3.6
Bunia,99,CD,1604720878,92,16.52,1.57,30.25,0.63
Chui,96,UY,1604720699,93,15.89,-33.7,-53.46,4.02
Berlevåg,62,NO,1604720881,71,4.95,70.86,29.09,11.74
Rudnogorsk,63,RU,1604720882,92,-12.18,57.26,103.75,2.16
Arlit,0,NE,1604720833,24,19.84,18.74,7.39,3.41
Tuatapere,100,NZ,1604720884,91,7.42,-46.13,167.68,3.08
Thompson,90,CA,1604720885,92,-9.0,55.74,-97.86,2.1
Manggar,90,ID,1604720886,72,29.05,-2.88,108.27,3.77
Pevek,100,RU,1604720887,95,-7.17,69.7,170.31,5.3
Ponta do Sol,20,PT,1604720889,59,17.22,32.67,-17.1,2.6
Pitimbu,75,BR,1604720890,94,24.0,-7.47,-34.81,2.1
Esperance,90,AU,1604720891,77,16.0,-33.87,121.9,6.2
Guerrero Negro,0,MX,1604720892,87,19.66,27.98,-114.06,4.33
Pesqueira,90,BR,1604720893,83,21.51,-8.36,-36.7,4.51
Tosu,75,JP,1604720894,82,21.11,33.37,130.52,1.5
Hamilton,20,US,1604720895,58,13.33,39.18,-84.53,2.1
Jijiga,11,ET,1604720897,82,17.65,9.35,42.8,1.83
Nador,0,MA,1604720898,72,19.0,35.17,-2.93,1.0
Vestmannaeyjar,99,IS,1604720899,68,5.2,63.44,-20.27,5.29
Acajutla,74,SV,1604720900,100,20.56,13.59,-89.83,2.13
Kahului,40,US,1604720804,61,28.0,20.89,-156.47,7.2
Champerico,100,GT,1604720902,97,20.56,14.3,-91.92,3.08
Hambantota,20,LK,1604720828,84,30.0,6.12,81.12,5.1
Kirakira,59,SB,1604720904,75,28.24,-10.45,161.92,1.26
Batemans Bay,14,AU,1604720906,64,17.78,-35.72,150.18,2.24
Khatanga,0,RU,1604720832,89,-20.53,71.97,102.5,3.0
Samaná,100,DO,1604720908,86,23.7,19.21,-69.34,1.32
Shaowu,83,CN,1604720909,59,21.92,27.34,117.48,1.34
Ixtapa,5,MX,1604720910,83,25.0,20.7,-105.2,1.41
Nouadhibou,49,MR,1604720911,73,21.0,20.93,-17.03,6.2
Portland,75,US,1604720882,81,8.0,45.52,-122.68,3.1
Graaff-Reinet,74,ZA,1604720913,59,16.0,-32.25,24.53,1.05
Alta Floresta,58,BR,1604720914,82,22.66,-9.88,-56.09,1.13
Port-Cartier,82,CA,1604720916,100,1.67,50.03,-66.87,1.0
Sur,13,OM,1604720917,63,26.54,22.57,59.53,2.05
Atar,100,MR,1604720918,24,27.69,20.52,-13.05,2.25
Marabba,0,SD,1604720919,21,22.94,12.35,32.18,5.41
Bonoua,40,CI,1604720920,88,27.0,5.27,-3.6,3.1
Coquimbo,0,CL,1604720688,87,12.0,-29.95,-71.34,1.0
Beringovskiy,69,RU,1604720922,91,-0.64,63.05,179.32,9.25
Tezu,0,IN,1604720923,29,26.19,27.92,96.17,1.29
Tazovsky,100,RU,1604720925,99,-4.18,67.47,78.7,2.47
Bellingham,20,US,1604720926,86,7.22,48.76,-122.49,0.42
Bilma,0,NE,1604720927,41,17.67,18.69,12.92,5.81
Buraidah,0,SA,1604720928,34,19.0,26.33,43.98,3.6
Te Anau,100,NZ,1604720929,71,10.33,-45.42,167.72,2.8
Dingle,100,PH,1604720694,86,26.53,11.0,122.67,4.91
Tevaitoa,0,PF,1604720931,76,26.74,-16.78,-151.5,6.27
Rørvik,100,NO,1604720932,83,9.91,64.86,11.24,17.11
Namanga,100,KE,1604720934,82,18.05,-2.54,36.79,2.52
Kozhva,100,RU,1604720935,97,1.17,65.11,57.05,2.25
Yashkul',100,RU,1604720936,65,9.07,46.17,45.34,8.68
Carnarvon,90,AU,1604720655,69,25.0,-24.87,113.63,7.7
Carutapera,100,BR,1604720924,89,24.63,-1.2,-46.02,2.06
Sheltozero,80,RU,1604720939,76,6.37,61.37,35.37,7.31
Ljubinje,0,BA,1604720940,50,14.0,42.95,18.09,7.7
Fort Nelson,75,CA,1604720941,84,-14.0,58.81,-122.7,2.6
Ayorou,25,NE,1604720943,19,24.26,14.73,0.92,5.06
Härnösand,1,SE,1604720944,93,5.0,62.63,17.94,1.5
Takoradze,89,GH,1604720945,91,25.49,4.88,-1.76,3.85
Dzilam González,73,MX,1604720946,87,24.44,21.28,-88.93,2.81
Porto Torres,0,IT,1604720947,93,12.0,40.84,8.4,2.6
Pacific Grove,90,US,1604720763,87,11.11,36.62,-121.92,2.6
Māngrol,0,IN,1604720940,38,27.72,21.12,70.12,4.34
Namatanai,36,PG,1604720950,66,29.32,-3.67,152.43,4.37
Siaya,75,KE,1604720951,93,19.0,0.06,34.29,2.1
Oktyabr'skoye,100,RU,1604720690,86,5.0,43.06,44.74,3.0
Aswān,1,EG,1604720954,66,15.99,24.09,32.91,2.52
Iskateley,100,RU,1604720955,98,1.18,67.68,53.15,0.99
Oranzherei,75,RU,1604720956,75,8.0,45.85,47.57,8.0
Sylvania,1,US,1604720957,66,14.0,41.72,-83.71,2.1
Petropavlovsk-Kamchatskiy,40,RU,1604720958,51,3.0,53.05,158.65,3.0
Hearst,100,CA,1604720959,98,0.0,49.68,-83.67,2.1
Wajima,75,JP,1604720961,93,16.0,37.4,136.9,2.6
Sivaki,100,RU,1604720962,98,-2.85,52.63,126.75,3.26
Boddam,98,GB,1604720963,100,8.33,57.47,-1.78,1.0
Emerald,75,AU,1604720951,43,32.0,-23.53,148.17,5.7
Guaratinga,0,BR,1604720965,94,23.0,-16.57,-39.57,1.0
Pitangui,68,BR,1604720966,64,21.05,-19.68,-44.89,1.69
Omsukchan,100,RU,1604720967,91,-14.97,62.53,155.8,2.29
Chara,52,RU,1604720968,86,-10.33,56.91,118.26,0.19
Bestöbe,67,KZ,1604720969,56,5.36,52.5,73.1,7.22
Tegul'det,100,RU,1604720971,92,1.4,57.31,88.17,4.35
Adolfo López Mateos,0,MX,1604720972,43,10.3,28.47,-107.3,3.12
Springdale,1,US,1604720914,71,14.0,36.19,-94.13,2.1
Grand Gaube,0,MU,1604720974,72,23.89,-20.01,57.66,3.13
Chibombo,0,ZM,1604720975,33,23.05,-14.66,28.07,3.93
Taltal,30,CL,1604720918,78,14.74,-25.4,-70.48,1.65
Warri,17,NG,1604720977,97,24.36,5.52,5.75,1.1
Ji’an,22,CN,1604720978,44,24.05,27.12,114.98,4.85
Palana,99,RU,1604720979,96,-2.85,59.12,159.97,4.19
Yārāda,0,IN,1604720981,69,28.0,17.65,83.27,3.1
Kijini,20,TZ,1604720982,94,23.0,-5.85,39.32,2.26
Nālūt,12,LY,1604720983,78,12.64,30.33,10.85,4.11
Athabasca,41,CA,1604720942,79,-5.0,54.72,-113.29,1.0
Asbury Park,1,US,1604720890,87,15.56,40.22,-74.01,2.1
Teya,100,RU,1604720986,96,-2.59,60.38,92.63,3.65
Banda Aceh,99,ID,1604720987,81,25.74,5.56,95.32,2.64
Laguna,1,US,1604720964,58,12.0,38.42,-121.42,4.1
Noyabrsk,100,RU,1604720990,98,0.7,63.2,75.45,4.86
Alyangula,40,AU,1604720991,44,36.0,-13.85,136.42,4.6
Ontario,75,US,1604720828,72,19.0,34.06,-117.65,6.2
Aklavik,96,CA,1604720993,72,-9.0,68.22,-135.01,2.1
Muroto-misakicho,75,JP,1604720994,94,21.0,33.28,134.15,3.1
Ucluelet,1,CA,1604720947,96,3.89,48.93,-125.55,2.27
Turan,75,VN,1604720996,69,27.0,16.07,108.22,4.6
Saint-Joseph,20,RE,1604720997,57,25.0,-21.37,55.62,2.1
Torbay,90,CA,1604720755,87,12.22,47.67,-52.73,10.8
Mount Gambier,75,AU,1604721000,55,17.0,-37.83,140.77,5.7
Marawi,100,PH,1604720926,83,27.22,8.0,124.29,2.24
Sitka,1,US,1604720708,86,4.0,57.05,-135.33,5.7
Mabaruma,21,GY,1604721003,97,23.46,8.2,-59.78,0.9
Bulawayo,6,ZW,1604721004,49,22.06,-20.15,28.58,3.1
Carman,100,CA,1604721005,86,-1.0,49.5,-98.0,5.7
Bongaree,51,AU,1604721006,66,24.44,-27.08,153.16,2.68
Sarankhola,0,BD,1604721008,64,25.01,22.31,89.79,3.28
Lagoa,28,PT,1604720917,72,15.1,39.05,-27.98,14.37
Shache,0,CN,1604721010,35,10.92,38.42,77.24,0.16
Kenai,90,US,1604721011,85,-3.89,60.55,-151.26,2.6
Lahaina,40,US,1604721012,61,28.0,20.88,-156.68,7.2
Loandjili,100,CG,1604721013,91,25.17,-4.76,11.86,3.29
Port Blair,0,IN,1604721015,73,29.1,11.67,92.75,5.46
Bismarck,75,US,1604721016,86,3.0,46.81,-100.78,6.2
Vila Velha,75,BR,1604721017,88,23.0,-20.33,-40.29,3.6
Manzanillo,100,CU,1604721018,90,21.41,20.34,-77.12,2.94
Saint George,1,US,1604721019,24,22.0,37.1,-113.58,6.7
Lubango,27,AO,1604721020,47,16.55,-14.92,13.49,0.85
Nuuk,100,GL,1604721021,100,-3.0,64.18,-51.72,3.6
Mahébourg,75,MU,1604720923,78,23.0,-20.41,57.7,5.1
Tura,0,IN,1604721023,59,25.22,25.52,90.22,0.41
Ostrovnoy,100,RU,1604720917,87,2.76,68.05,39.51,7.42
Zhuhai,0,CN,1604721026,61,29.44,22.28,113.57,6.7
Dalbandin,0,PK,1604721027,17,21.64,28.89,64.41,1.21
Whitehorse,40,CA,1604720983,84,-17.0,60.72,-135.05,3.1
Kiryat Gat,0,IL,1604721029,77,16.67,31.61,34.76,1.93
Alugan,100,PH,1604721030,86,27.39,12.22,125.48,9.8
Lodja,92,CD,1604721031,96,20.39,-3.48,23.43,0.98
Daru,99,PG,1604721032,72,27.97,-9.08,143.21,3.84
Westport,1,US,1604721033,87,13.89,41.14,-73.36,1.5
Itarema,100,BR,1604720905,80,26.35,-2.92,-39.92,6.42
Waitati,100,NZ,1604720853,80,11.67,-45.75,170.57,6.26
Itapaci,100,BR,1604720831,84,21.27,-14.95,-49.55,1.92
Manokwari,100,ID,1604721038,69,29.98,-0.87,134.08,2.95
Ellisras,0,ZA,1604721039,44,24.78,-23.66,27.74,1.77
Husavik,90,IS,1604721040,59,3.0,66.04,-17.34,6.2
Svetlaya,98,RU,1604721041,60,8.75,46.54,138.33,1.57
Shīeli,96,KZ,1604721043,36,10.96,44.17,66.75,6.39
Great Yarmouth,0,GB,1604721044,100,10.0,52.61,1.73,3.37
Kashan,54,IR,1604721045,30,14.7,33.98,51.44,0.84
St. Pete Beach,1,US,1604721046,88,24.0,27.73,-82.74,5.7
Sestri Levante,0,IT,1604721047,60,15.0,44.27,9.4,2.62
Kawalu,100,ID,1604721048,70,28.96,-7.38,108.21,1.82
Nazarovo,100,RU,1604721049,97,0.41,56.01,90.39,4.78
Jaisinghnagar,0,IN,1604721050,36,22.78,23.7,81.38,0.59
Singkang,40,MY,1604721052,94,25.0,2.1,102.8,2.37
Wamba,5,NG,1604721053,33,22.17,8.93,8.6,1.3
Saint-Augustin,92,CA,1604721054,97,4.03,51.23,-58.65,5.33
Winnemucca,90,US,1604721055,52,8.0,40.97,-117.74,8.2
Omboué,73,GA,1604721056,92,24.88,-1.57,9.26,3.97
Flinders,72,AU,1604720942,60,18.33,-34.58,150.86,8.1
Fuxin,0,CN,1604721059,33,12.92,42.02,121.66,8.15
Östersund,10,SE,1604721060,70,6.67,63.18,14.64,2.6
Champasak,40,LA,1604721061,65,28.0,14.75,106.0,4.1
Manzhouli,92,CN,1604721062,93,-5.4,49.6,117.43,9.6
Novo Aripuanã,31,BR,1604721063,95,23.47,-5.12,-60.38,0.6
Rovaniemi,0,FI,1604721064,74,3.0,66.5,25.72,4.6
Morón,98,AR,1604720999,76,21.11,-34.65,-58.62,0.89
Kieta,94,PG,1604721067,74,28.11,-6.22,155.63,1.64
Kontagora,6,NG,1604721068,29,22.43,10.4,5.47,2.84
Smithers,40,CA,1604720810,74,-1.0,54.78,-127.17,4.1
Brae,76,GB,1604721070,100,10.0,60.4,-1.35,1.5
Virginia Beach,90,US,1604720778,93,17.0,36.85,-75.98,1.13
Lebedyn,82,UA,1604721072,91,5.31,50.59,34.48,4.78
Los Llanos de Aridane,0,ES,1604721074,68,19.0,28.66,-17.92,4.6
Diffa,50,NE,1604721075,38,20.42,13.32,12.61,4.24
Zhigansk,54,RU,1604720922,89,-24.19,66.77,123.37,1.95
Skovorodino,100,RU,1604721077,94,-4.65,53.98,123.92,3.13
Arona,20,ES,1604721078,68,19.0,28.1,-16.68,4.1
Cham,90,CH,1604721079,93,7.78,47.18,8.46,0.77
La Ronge,38,CA,1604721081,78,-8.0,55.1,-105.28,3.1
Deputatsky,23,RU,1604721082,92,-22.93,69.3,139.9,1.01
Worland,1,US,1604721083,80,7.22,44.02,-107.96,2.65
Viborg,90,DK,1604721084,100,10.0,56.45,9.4,1.5
Sawākin,56,SD,1604721085,73,27.12,19.11,37.33,2.82
Bogorodskoye,100,RU,1604721086,90,5.14,56.55,37.88,5.13
Barra do Garças,96,BR,1604721088,52,24.32,-15.89,-52.26,0.46
Kenitra,20,MA,1604721089,72,18.0,34.26,-6.58,6.2
Durazno,24,UY,1604721090,96,14.31,-33.41,-56.5,4.06
Goundam,0,ML,1604721091,17,25.97,16.41,-3.67,4.3
Bubaque,29,GW,1604720933,77,28.45,11.28,-15.83,7.54
Touros,40,BR,1604720914,88,25.0,-5.2,-35.46,1.5
Turaif,0,SA,1604721094,87,11.0,31.67,38.66,3.6
Ust-Tsilma,98,RU,1604721096,95,0.82,65.44,52.15,1.84
Keminmaa,0,FI,1604721097,81,6.0,65.86,24.82,3.6
Tra Vinh,11,VN,1604721098,71,29.79,9.93,106.35,3.51
Turukhansk,100,RU,1604721099,95,-10.15,65.82,87.98,6.44
Launceston,40,AU,1604721100,38,18.33,-41.45,147.17,4.1
Kaeo,66,NZ,1604721101,89,20.56,-35.1,173.78,4.47
Ust-Nera,99,RU,1604721102,85,-17.43,64.57,143.2,1.91
Llangefni,50,GB,1604721103,62,7.78,53.26,-4.31,2.1
Abu Dhabi,0,AE,1604721099,64,23.0,24.47,54.37,1.0
Chapais,90,CA,1604721106,86,4.0,49.78,-74.85,6.2
Pingliang,0,CN,1604721107,32,11.11,35.54,106.69,1.79
Norrtälje,0,SE,1604721108,92,10.56,59.76,18.7,5.36
Novaya Lyada,73,RU,1604721109,85,2.89,52.71,41.64,4.96
Bonthe,90,SL,1604721110,86,25.76,7.53,-12.51,1.64
Danjiangkou,80,CN,1604721111,30,22.11,32.54,111.51,5.37
Santa Maria,40,BR,1604721113,82,18.0,-29.68,-53.81,6.2
Sarangani,94,PH,1604721114,74,28.73,5.4,125.46,3.88
Dunedin,88,NZ,1604721115,82,12.22,-45.87,170.5,6.5
Hermon,75,US,1604721116,66,13.33,44.81,-68.91,2.1
Cienfuegos,100,CU,1604721117,94,23.0,22.15,-80.44,2.1
Khem Karan,0,IN,1604721118,76,14.0,31.14,74.57,0.61
Tsiroanomandidy,0,MG,1604721119,58,25.03,-18.77,46.03,1.17
Tongliao,20,CN,1604721120,41,9.7,43.61,122.27,5.1
Fukuechō,75,JP,1604721122,77,21.0,32.69,128.84,4.1
Vila Franca do Campo,75,PT,1604721123,82,14.0,37.72,-25.43,5.1
Faanui,0,PF,1604721124,80,26.3,-16.48,-151.75,6.18
Rapid Valley,1,US,1604721125,33,14.44,44.06,-103.15,2.1
Menzel Salem,0,TN,1604721126,53,11.0,35.86,8.48,2.1
Lagos,18,NG,1604721127,94,24.72,6.58,3.75,1.78
Codrington,42,AU,1604721128,62,13.21,-38.27,141.97,6.04
Dum Duma,20,IN,1604721129,78,24.0,27.57,95.57,2.1
Hlotse,3,LS,1604721131,59,15.21,-28.87,28.05,0.87
Norden,0,DE,1604721132,100,6.11,53.6,7.2,3.1
Urengoy,100,RU,1604721133,99,-0.09,65.97,78.37,4.12
Ampanihy,58,MG,1604721134,40,26.49,-24.7,44.75,1.65
Port Hardy,75,CA,1604721135,70,7.0,50.7,-127.42,4.6
Tsabong,0,BW,1604721137,32,21.14,-26.02,22.4,4.56
Katobu,2,ID,1604721138,43,33.96,-4.94,122.53,1.69
Phetchabun,75,TH,1604721139,74,29.44,16.25,101.08,3.1
Parrita,90,CR,1604721141,100,19.0,9.52,-84.32,3.1
Erdenet,0,MN,1604721142,81,-2.9,49.03,104.08,1.27
Ozernovskiy,100,RU,1604721143,84,1.91,51.5,156.52,3.61
Jablah,0,SY,1604721144,71,14.0,35.36,35.93,3.1
Sisimiut,100,GL,1604721145,81,-10.32,66.94,-53.67,5.28
Chiredzi,0,ZW,1604721146,63,25.93,-21.05,31.67,1.94
Bilibino,100,RU,1604721147,88,-14.7,68.05,166.44,3.67
Port Lincoln,15,AU,1604721148,62,16.69,-34.73,135.87,6.61
Diu,0,IN,1604721150,39,27.57,20.71,70.98,5.56
Porto Tolle,0,IT,1604721151,90,8.89,44.95,12.32,2.17
Labuhan,29,ID,1604721152,61,30.71,-6.88,112.21,2.5
Lüderitz,0,NA,1604721153,80,14.24,-26.65,15.16,1.5
Esso,84,RU,1604721154,90,-7.48,55.93,158.7,1.2
Sambava,92,MG,1604721155,79,23.66,-14.27,50.17,4.65
Caconda,11,AO,1604721157,85,15.74,-13.73,15.07,0.79
Pastavy,10,BY,1604721158,93,6.5,55.12,26.83,3.76
Daule,20,EC,1604721159,78,22.22,-1.86,-79.98,6.7
Ulaanbaatar,0,MN,1604720893,49,-5.0,47.91,106.88,4.0
Asău,46,RO,1604720933,95,6.67,46.43,26.4,1.73
Phan Thiet,15,VN,1604721162,73,28.56,10.93,108.1,4.08
Pangai,20,TO,1604721163,69,26.0,-19.8,-174.35,4.1
Bindura,1,ZW,1604721164,52,21.11,-17.3,31.33,2.68
Marabu,40,MY,1604721165,70,31.0,4.41,114.01,2.1
Sembakung,100,ID,1604721167,57,33.33,3.82,117.25,0.7
Loa Janan,100,ID,1604721168,49,33.74,-0.58,117.09,1.18
Matara,2,LK,1604721169,66,29.49,5.95,80.54,4.94
Ambikāpur,0,IN,1604721170,38,22.04,23.12,83.2,1.54
Dillon,1,US,1604721171,100,17.22,34.42,-79.37,2.6
Burnie,11,AU,1604721172,46,14.96,-41.07,145.92,2.32
Gīdolē,94,ET,1604721173,100,14.04,5.65,37.37,0.61
Nagato,90,JP,1604721174,93,19.0,34.38,131.2,2.1
Terney,45,RU,1604721176,45,11.19,45.05,136.61,5.41
Haines Junction,0,CA,1604721177,76,-21.0,60.75,-137.51,1.0
Praia,0,CV,1604721178,83,25.0,14.92,-23.51,4.1
Nyurba,99,RU,1604721179,89,-18.06,63.28,118.33,2.36
Xiaolingwei,0,CN,1604721180,43,22.0,32.03,118.85,3.0
Coyhaique,0,CL,1604721181,61,10.0,-45.58,-72.07,1.0
Cruzília,1,BR,1604721182,93,13.23,-21.84,-44.81,1.95
Huarmey,17,PE,1604720899,87,15.71,-10.07,-78.15,2.16
Richards Bay,75,ZA,1604721062,85,21.94,-28.78,32.04,3.29
Katherine,32,AU,1604721186,32,37.0,-14.47,132.27,5.1
Puerto Baquerizo Moreno,0,EC,1604721007,79,19.15,-0.9,-89.6,4.63
Tsimmerbude,90,RU,1604721188,87,11.0,54.67,20.13,5.0
Rāzole,0,IN,1604721189,66,29.17,16.48,81.83,3.54
Edson,90,CA,1604721190,92,-2.0,53.58,-116.44,2.1
Makakilo City,40,US,1604721191,61,28.0,21.35,-158.09,3.1
Blagoyevo,97,RU,1604721192,97,0.54,63.37,47.92,1.84
Innisfail,0,AU,1604721194,29,35.0,-17.53,146.03,0.45
Imbituba,40,BR,1604720960,93,18.0,-28.24,-48.67,1.0
Goderich,25,CA,1604721196,62,15.0,43.75,-81.72,5.7
São Mateus,9,BR,1604721197,95,22.16,-18.72,-39.86,0.89
Kirksville,1,US,1604721148,82,15.0,40.19,-92.58,2.6
Verāval,0,IN,1604721199,38,27.98,20.9,70.37,4.77
Bom Jesus da Lapa,100,BR,1604721200,92,21.5,-13.26,-43.42,1.03
Tiszabő,40,HU,1604721201,100,2.0,47.3,20.48,0.74
Stykkisholmur,54,IS,1604721202,80,2.72,65.08,-22.73,5.85
Araouane,36,ML,1604721204,17,26.14,18.9,-3.53,3.98
Killarney,94,IE,1604721205,93,9.34,52.05,-9.52,2.2
Gniezno,95,PL,1604721206,88,8.33,52.53,17.58,1.79
Butterworth,40,MY,1604721207,79,30.0,5.4,100.36,1.0
Ushumun,100,RU,1604721208,98,-3.16,52.78,126.53,3.46
Sittwe,0,MM,1604721209,69,27.11,20.15,92.9,1.56
Rome,1,US,1604721210,81,11.67,43.21,-75.46,2.08
Batticaloa,19,LK,1604721212,68,29.54,7.71,81.69,3.66
Acapulco de Juárez,20,MX,1604721213,83,27.0,16.86,-99.89,2.6
Vestmanna,97,FO,1604720929,70,6.0,62.16,-7.17,5.7
Hervey Bay,44,AU,1604721215,56,26.67,-25.3,152.85,1.79
Kemijärvi,95,FI,1604721216,83,2.24,66.71,27.43,4.87
Barghāt,0,IN,1604721217,41,21.62,22.03,79.72,3.0
Bolgatanga,0,GH,1604721218,24,24.91,10.79,-0.85,2.26
Ulverstone,10,AU,1604721220,50,15.56,-41.15,146.17,1.34
Yamada,41,JP,1604721221,62,17.57,39.47,141.95,4.79
Abu Samrah,0,SY,1604721222,70,14.31,35.3,37.18,1.94
Srednekolymsk,100,RU,1604721223,92,-19.21,67.45,153.68,2.67
Panabá,55,MX,1604721224,93,22.95,21.28,-88.27,2.75
Jalu,2,LY,1604721225,75,15.29,29.03,21.55,3.15
Kānkon,0,IN,1604721226,65,28.92,15.02,74.02,2.15
Flin Flon,98,CA,1604721227,97,-10.11,54.77,-101.86,1.65
Harūr,40,IN,1604721228,78,27.0,12.07,78.5,2.6
Sanmenxia,14,CN,1604721230,24,19.04,34.77,111.18,5.12
Miandrivazo,31,MG,1604721231,45,29.06,-19.52,45.47,0.84
Krasnosel'kup,100,RU,1604720949,99,-0.05,65.7,82.47,5.32
Corrente,100,BR,1604721233,88,24.24,-3.74,-43.34,0.82
Wenling,78,CN,1604721165,56,23.89,28.37,121.36,5.26
Tarauacá,69,BR,1604721235,68,25.48,-8.16,-70.77,0.56
Abalak,100,RU,1604721236,85,1.88,58.13,68.59,4.3
Güicán,92,CO,1604721237,85,10.52,6.46,-72.41,0.2
Rapid City,1,US,1604721129,53,14.44,44.08,-103.23,2.71
Muisne,86,EC,1604721240,82,23.39,0.6,-80.03,1.94
Chandler,75,US,1604721067,26,27.0,33.31,-111.84,3.35
Camabatela,100,AO,1604721242,100,17.84,-8.19,15.38,1.38
Buchanan,99,LR,1604721243,88,25.03,5.88,-10.05,1.27
Debre Tabor,78,ET,1604721244,77,11.39,11.85,38.02,1.23
Whitianga,30,NZ,1604721245,85,20.56,-36.83,175.7,3.13
Laas,5,IT,1604721246,93,6.11,46.62,10.7,1.0
Mount Isa,14,AU,1604721247,6,35.0,-20.73,139.5,4.6
Bowen,90,AU,1604720982,46,32.0,-20.02,148.23,3.1
Tomatlán,0,MX,1604721250,92,22.33,19.93,-105.25,0.93
Ouadda,28,CF,1604721251,67,19.48,8.08,22.4,0.72
Hecun,0,CN,1604721252,20,19.87,36.53,114.11,6.09
Puerto Nariño,75,CO,1604721253,100,26.0,-3.77,-70.38,1.5
Djibo,0,BF,1604721254,18,24.83,14.1,-1.63,4.57
Bafoulabé,20,ML,1604721255,33,26.95,13.81,-10.83,1.2
La Cruz,0,MX,1604721256,87,22.78,23.92,-106.9,1.8
Shahr-e Kord,0,IR,1604721257,47,2.0,32.33,50.86,2.1
Liuzhou,36,CN,1604721259,55,23.84,24.31,109.39,5.81
Oussouye,0,SN,1604721260,88,27.0,12.48,-16.55,1.0
Hamina,0,FI,1604721261,81,8.0,60.57,27.2,2.6
Ban Tak,20,TH,1604721262,66,30.0,17.04,99.08,1.0
Sibolga,100,ID,1604721263,58,30.34,1.74,98.78,1.52
Varde,92,DK,1604721264,93,10.0,55.62,8.48,2.1
Matagami,90,CA,1604721265,95,0.0,49.75,-77.63,5.1
Piura,76,PE,1604721266,73,17.73,-5.2,-80.63,2.91
Cherskiy,82,RU,1604721268,95,-14.76,68.75,161.3,4.28
Sirte,3,LY,1604721269,73,20.42,31.21,16.59,6.55
